{
  "updateBooking" : {
    "transaction" : "updateBooking",
    "sampleCount" : 500,
    "errorCount" : 0,
    "errorPct" : 0.0,
    "meanResTime" : 322.46999999999997,
    "medianResTime" : 316.0,
    "minResTime" : 299.0,
    "maxResTime" : 423.0,
    "pct1ResTime" : 348.90000000000003,
    "pct2ResTime" : 374.95,
    "pct3ResTime" : 402.99,
    "throughput" : 51.81347150259067,
    "receivedKBytesPerSec" : 46.74425194300518,
    "sentKBytesPerSec" : 24.894753886010363
  },
  "partialUpdate" : {
    "transaction" : "partialUpdate",
    "sampleCount" : 500,
    "errorCount" : 0,
    "errorPct" : 0.0,
    "meanResTime" : 319.98800000000006,
    "medianResTime" : 315.0,
    "minResTime" : 298.0,
    "maxResTime" : 422.0,
    "pct1ResTime" : 339.0,
    "pct2ResTime" : 360.0,
    "pct3ResTime" : 411.95000000000005,
    "throughput" : 51.77591384487936,
    "receivedKBytesPerSec" : 46.59104147250699,
    "sentKBytesPerSec" : 15.118162343377861
  },
  "auth" : {
    "transaction" : "auth",
    "sampleCount" : 500,
    "errorCount" : 0,
    "errorPct" : 0.0,
    "meanResTime" : 1247.887999999999,
    "medianResTime" : 1229.0,
    "minResTime" : 1187.0,
    "maxResTime" : 1743.0,
    "pct1ResTime" : 1264.0,
    "pct2ResTime" : 1383.1499999999999,
    "pct3ResTime" : 1723.98,
    "throughput" : 45.08566275924257,
    "receivedKBytesPerSec" : 34.236572926059516,
    "sentKBytesPerSec" : 10.78709704688909
  },
  "Createbooking" : {
    "transaction" : "Createbooking",
    "sampleCount" : 500,
    "errorCount" : 0,
    "errorPct" : 0.0,
    "meanResTime" : 313.85000000000036,
    "medianResTime" : 311.0,
    "minResTime" : 297.0,
    "maxResTime" : 396.0,
    "pct1ResTime" : 326.0,
    "pct2ResTime" : 338.0,
    "pct3ResTime" : 363.99,
    "throughput" : 51.86184005808526,
    "receivedKBytesPerSec" : 48.045537936936,
    "sentKBytesPerSec" : 22.94278666632092
  },
  "Total" : {
    "transaction" : "Total",
    "sampleCount" : 3000,
    "errorCount" : 0,
    "errorPct" : 0.0,
    "meanResTime" : 473.341666666666,
    "medianResTime" : 317.0,
    "minResTime" : 297.0,
    "maxResTime" : 1743.0,
    "pct1ResTime" : 1224.9,
    "pct2ResTime" : 1242.9499999999998,
    "pct3ResTime" : 1324.7899999999954,
    "throughput" : 237.5296912114014,
    "receivedKBytesPerSec" : 202.7829325019794,
    "sentKBytesPerSec" : 74.1507076405384
  },
  "getBooking" : {
    "transaction" : "getBooking",
    "sampleCount" : 500,
    "errorCount" : 0,
    "errorPct" : 0.0,
    "meanResTime" : 316.23600000000005,
    "medianResTime" : 314.0,
    "minResTime" : 298.0,
    "maxResTime" : 375.0,
    "pct1ResTime" : 331.90000000000003,
    "pct2ResTime" : 341.95,
    "pct3ResTime" : 362.0,
    "throughput" : 51.83495749533485,
    "receivedKBytesPerSec" : 46.56884978229318,
    "sentKBytesPerSec" : 9.516574227659133
  },
  "delete" : {
    "transaction" : "delete",
    "sampleCount" : 500,
    "errorCount" : 0,
    "errorPct" : 0.0,
    "meanResTime" : 319.61800000000005,
    "medianResTime" : 314.0,
    "minResTime" : 298.0,
    "maxResTime" : 425.0,
    "pct1ResTime" : 335.0,
    "pct2ResTime" : 351.9,
    "pct3ResTime" : 420.97,
    "throughput" : 51.7491202649555,
    "receivedKBytesPerSec" : 38.09179970503001,
    "sentKBytesPerSec" : 12.17923631235769
  }
}