{
  "updateBooking" : {
    "transaction" : "updateBooking",
    "sampleCount" : 150,
    "errorCount" : 0,
    "errorPct" : 0.0,
    "meanResTime" : 319.28000000000014,
    "medianResTime" : 318.0,
    "minResTime" : 299.0,
    "maxResTime" : 383.0,
    "pct1ResTime" : 331.0,
    "pct2ResTime" : 341.45,
    "pct3ResTime" : 381.47,
    "throughput" : 15.38619345573905,
    "receivedKBytesPerSec" : 13.82193045440558,
    "sentKBytesPerSec" : 7.392585136937122
  },
  "partialUpdate" : {
    "transaction" : "partialUpdate",
    "sampleCount" : 150,
    "errorCount" : 0,
    "errorPct" : 0.0,
    "meanResTime" : 318.593333333333,
    "medianResTime" : 317.0,
    "minResTime" : 300.0,
    "maxResTime" : 402.0,
    "pct1ResTime" : 328.8,
    "pct2ResTime" : 337.79999999999995,
    "pct3ResTime" : 395.3700000000001,
    "throughput" : 15.362556329373207,
    "receivedKBytesPerSec" : 13.766690777345351,
    "sentKBytesPerSec" : 4.485746428205654
  },
  "auth" : {
    "transaction" : "auth",
    "sampleCount" : 150,
    "errorCount" : 0,
    "errorPct" : 0.0,
    "meanResTime" : 1273.5200000000004,
    "medianResTime" : 1254.5,
    "minResTime" : 1188.0,
    "maxResTime" : 2117.0,
    "pct1ResTime" : 1307.0,
    "pct2ResTime" : 1469.9999999999998,
    "pct3ResTime" : 1919.6300000000035,
    "throughput" : 13.481934208161064,
    "receivedKBytesPerSec" : 10.190797456408413,
    "sentKBytesPerSec" : 3.225658086913536
  },
  "Createbooking" : {
    "transaction" : "Createbooking",
    "sampleCount" : 150,
    "errorCount" : 0,
    "errorPct" : 0.0,
    "meanResTime" : 315.09333333333313,
    "medianResTime" : 315.0,
    "minResTime" : 297.0,
    "maxResTime" : 380.0,
    "pct1ResTime" : 324.9,
    "pct2ResTime" : 331.0,
    "pct3ResTime" : 373.8800000000001,
    "throughput" : 15.43845203787567,
    "receivedKBytesPerSec" : 14.24780162875669,
    "sentKBytesPerSec" : 6.829705833161795
  },
  "Total" : {
    "transaction" : "Total",
    "sampleCount" : 900,
    "errorCount" : 0,
    "errorPct" : 0.0,
    "meanResTime" : 477.0400000000001,
    "medianResTime" : 319.0,
    "minResTime" : 297.0,
    "maxResTime" : 2117.0,
    "pct1ResTime" : 1245.9,
    "pct2ResTime" : 1270.0,
    "pct3ResTime" : 1389.4800000000005,
    "throughput" : 70.84382871536523,
    "receivedKBytesPerSec" : 60.22617138302896,
    "sentKBytesPerSec" : 22.115635331391687
  },
  "getBooking" : {
    "transaction" : "getBooking",
    "sampleCount" : 150,
    "errorCount" : 0,
    "errorPct" : 0.0,
    "meanResTime" : 316.7600000000001,
    "medianResTime" : 316.0,
    "minResTime" : 298.0,
    "maxResTime" : 403.0,
    "pct1ResTime" : 326.0,
    "pct2ResTime" : 344.45,
    "pct3ResTime" : 382.60000000000036,
    "throughput" : 15.413070283600494,
    "receivedKBytesPerSec" : 13.785867498972463,
    "sentKBytesPerSec" : 2.8297433723797782
  },
  "delete" : {
    "transaction" : "delete",
    "sampleCount" : 150,
    "errorCount" : 0,
    "errorPct" : 0.0,
    "meanResTime" : 318.9933333333333,
    "medianResTime" : 317.0,
    "minResTime" : 299.0,
    "maxResTime" : 399.0,
    "pct1ResTime" : 330.9,
    "pct2ResTime" : 348.74999999999983,
    "pct3ResTime" : 395.43000000000006,
    "throughput" : 15.346838551258442,
    "receivedKBytesPerSec" : 11.250951184264375,
    "sentKBytesPerSec" : 3.6119024324739106
  }
}